sample_id,source_config,grease_variant,session_id
sample_0000,chrome_103,0,0
sample_0001,chrome_103,0,1
sample_0002,chrome_103,0,2
sample_0003,chrome_103,1,0
sample_0004,chrome_103,1,1
sample_0005,chrome_103,1,2
sample_0006,chrome_103,2,0
sample_0007,chrome_103,2,1
sample_0008,chrome_103,2,2
sample_0009,chrome_103,3,0
sample_0010,chrome_103,3,1
sample_0011,chrome_103,3,2
sample_0012,chrome_103,4,0
sample_0013,chrome_103,4,1
sample_0014,chrome_103,4,2
sample_0015,chrome_104,0,0
sample_0016,chrome_104,0,1
sample_0017,chrome_104,0,2
sample_0018,chrome_104,1,0
sample_0019,chrome_104,1,1
sample_0020,chrome_104,1,2
sample_0021,chrome_104,2,0
sample_0022,chrome_104,2,1
sample_0023,chrome_104,2,2
sample_0024,chrome_104,3,0
sample_0025,chrome_104,3,1
sample_0026,chrome_104,3,2
sample_0027,chrome_104,4,0
sample_0028,chrome_104,4,1
sample_0029,chrome_104,4,2
sample_0030,chrome_105,0,0
sample_0031,chrome_105,0,1
sample_0032,chrome_105,0,2
sample_0033,chrome_105,1,0
sample_0034,chrome_105,1,1
sample_0035,chrome_105,1,2
sample_0036,chrome_105,2,0
sample_0037,chrome_105,2,1
sample_0038,chrome_105,2,2
sample_0039,chrome_105,3,0
sample_0040,chrome_105,3,1
sample_0041,chrome_105,3,2
sample_0042,chrome_105,4,0
sample_0043,chrome_105,4,1
sample_0044,chrome_105,4,2
sample_0045,chrome_106,0,0
sample_0046,chrome_106,0,1
sample_0047,chrome_106,0,2
sample_0048,chrome_106,1,0
sample_0049,chrome_106,1,1
sample_0050,chrome_106,1,2
sample_0051,chrome_106,2,0
sample_0052,chrome_106,2,1
sample_0053,chrome_106,2,2
sample_0054,chrome_106,3,0
sample_0055,chrome_106,3,1
sample_0056,chrome_106,3,2
sample_0057,chrome_106,4,0
sample_0058,chrome_106,4,1
sample_0059,chrome_106,4,2
sample_0060,chrome_107,0,0
sample_0061,chrome_107,0,1
sample_0062,chrome_107,0,2
sample_0063,chrome_107,1,0
sample_0064,chrome_107,1,1
sample_0065,chrome_107,1,2
sample_0066,chrome_107,2,0
sample_0067,chrome_107,2,1
sample_0068,chrome_107,2,2
sample_0069,chrome_107,3,0
sample_0070,chrome_107,3,1
sample_0071,chrome_107,3,2
sample_0072,chrome_107,4,0
sample_0073,chrome_107,4,1
sample_0074,chrome_107,4,2
sample_0075,chrome_108,0,0
sample_0076,chrome_108,0,1
sample_0077,chrome_108,0,2
sample_0078,chrome_108,1,0
sample_0079,chrome_108,1,1
sample_0080,chrome_108,1,2
sample_0081,chrome_108,2,0
sample_0082,chrome_108,2,1
sample_0083,chrome_108,2,2
sample_0084,chrome_108,3,0
sample_0085,chrome_108,3,1
sample_0086,chrome_108,3,2
sample_0087,chrome_108,4,0
sample_0088,chrome_108,4,1
sample_0089,chrome_108,4,2
sample_0090,chrome_109,0,0
sample_0091,chrome_109,0,1
sample_0092,chrome_109,0,2
sample_0093,chrome_109,1,0
sample_0094,chrome_109,1,1
sample_0095,chrome_109,1,2
sample_0096,chrome_109,2,0
sample_0097,chrome_109,2,1
sample_0098,chrome_109,2,2
sample_0099,chrome_109,3,0
sample_0100,chrome_109,3,1
sample_0101,chrome_109,3,2
sample_0102,chrome_109,4,0
sample_0103,chrome_109,4,1
sample_0104,chrome_109,4,2
sample_0105,chrome_110,0,0
sample_0106,chrome_110,0,1
sample_0107,chrome_110,0,2
sample_0108,chrome_110,1,0
sample_0109,chrome_110,1,1
sample_0110,chrome_110,1,2
sample_0111,chrome_110,2,0
sample_0112,chrome_110,2,1
sample_0113,chrome_110,2,2
sample_0114,chrome_110,3,0
sample_0115,chrome_110,3,1
sample_0116,chrome_110,3,2
sample_0117,chrome_110,4,0
sample_0118,chrome_110,4,1
sample_0119,chrome_110,4,2
sample_0120,chrome_111,0,0
sample_0121,chrome_111,0,1
sample_0122,chrome_111,0,2
sample_0123,chrome_111,1,0
sample_0124,chrome_111,1,1
sample_0125,chrome_111,1,2
sample_0126,chrome_111,2,0
sample_0127,chrome_111,2,1
sample_0128,chrome_111,2,2
sample_0129,chrome_111,3,0
sample_0130,chrome_111,3,1
sample_0131,chrome_111,3,2
sample_0132,chrome_111,4,0
sample_0133,chrome_111,4,1
sample_0134,chrome_111,4,2
sample_0135,chrome_112,0,0
sample_0136,chrome_112,0,1
sample_0137,chrome_112,0,2
sample_0138,chrome_112,1,0
sample_0139,chrome_112,1,1
sample_0140,chrome_112,1,2
sample_0141,chrome_112,2,0
sample_0142,chrome_112,2,1
sample_0143,chrome_112,2,2
sample_0144,chrome_112,3,0
sample_0145,chrome_112,3,1
sample_0146,chrome_112,3,2
sample_0147,chrome_112,4,0
sample_0148,chrome_112,4,1
sample_0149,chrome_112,4,2
sample_0150,chrome_116_PSK,0,0
sample_0151,chrome_116_PSK,0,1
sample_0152,chrome_116_PSK,0,2
sample_0153,chrome_116_PSK,1,0
sample_0154,chrome_116_PSK,1,1
sample_0155,chrome_116_PSK,1,2
sample_0156,chrome_116_PSK,2,0
sample_0157,chrome_116_PSK,2,1
sample_0158,chrome_116_PSK,2,2
sample_0159,chrome_116_PSK,3,0
sample_0160,chrome_116_PSK,3,1
sample_0161,chrome_116_PSK,3,2
sample_0162,chrome_116_PSK,4,0
sample_0163,chrome_116_PSK,4,1
sample_0164,chrome_116_PSK,4,2
sample_0165,chrome_116_PSK_PQ,0,0
sample_0166,chrome_116_PSK_PQ,0,1
sample_0167,chrome_116_PSK_PQ,0,2
sample_0168,chrome_116_PSK_PQ,1,0
sample_0169,chrome_116_PSK_PQ,1,1
sample_0170,chrome_116_PSK_PQ,1,2
sample_0171,chrome_116_PSK_PQ,2,0
sample_0172,chrome_116_PSK_PQ,2,1
sample_0173,chrome_116_PSK_PQ,2,2
sample_0174,chrome_116_PSK_PQ,3,0
sample_0175,chrome_116_PSK_PQ,3,1
sample_0176,chrome_116_PSK_PQ,3,2
sample_0177,chrome_116_PSK_PQ,4,0
sample_0178,chrome_116_PSK_PQ,4,1
sample_0179,chrome_116_PSK_PQ,4,2
sample_0180,chrome_117,0,0
sample_0181,chrome_117,0,1
sample_0182,chrome_117,0,2
sample_0183,chrome_117,1,0
sample_0184,chrome_117,1,1
sample_0185,chrome_117,1,2
sample_0186,chrome_117,2,0
sample_0187,chrome_117,2,1
sample_0188,chrome_117,2,2
sample_0189,chrome_117,3,0
sample_0190,chrome_117,3,1
sample_0191,chrome_117,3,2
sample_0192,chrome_117,4,0
sample_0193,chrome_117,4,1
sample_0194,chrome_117,4,2
sample_0195,chrome_120,0,0
sample_0196,chrome_120,0,1
sample_0197,chrome_120,0,2
sample_0198,chrome_120,1,0
sample_0199,chrome_120,1,1
sample_0200,chrome_120,1,2
sample_0201,chrome_120,2,0
sample_0202,chrome_120,2,1
sample_0203,chrome_120,2,2
sample_0204,chrome_120,3,0
sample_0205,chrome_120,3,1
sample_0206,chrome_120,3,2
sample_0207,chrome_120,4,0
sample_0208,chrome_120,4,1
sample_0209,chrome_120,4,2
sample_0210,chrome_124,0,0
sample_0211,chrome_124,0,1
sample_0212,chrome_124,0,2
sample_0213,chrome_124,1,0
sample_0214,chrome_124,1,1
sample_0215,chrome_124,1,2
sample_0216,chrome_124,2,0
sample_0217,chrome_124,2,1
sample_0218,chrome_124,2,2
sample_0219,chrome_124,3,0
sample_0220,chrome_124,3,1
sample_0221,chrome_124,3,2
sample_0222,chrome_124,4,0
sample_0223,chrome_124,4,1
sample_0224,chrome_124,4,2
sample_0225,chrome_130_PSK,0,0
sample_0226,chrome_130_PSK,0,1
sample_0227,chrome_130_PSK,0,2
sample_0228,chrome_130_PSK,1,0
sample_0229,chrome_130_PSK,1,1
sample_0230,chrome_130_PSK,1,2
sample_0231,chrome_130_PSK,2,0
sample_0232,chrome_130_PSK,2,1
sample_0233,chrome_130_PSK,2,2
sample_0234,chrome_130_PSK,3,0
sample_0235,chrome_130_PSK,3,1
sample_0236,chrome_130_PSK,3,2
sample_0237,chrome_130_PSK,4,0
sample_0238,chrome_130_PSK,4,1
sample_0239,chrome_130_PSK,4,2
sample_0240,chrome_131,0,0
sample_0241,chrome_131,0,1
sample_0242,chrome_131,0,2
sample_0243,chrome_131,1,0
sample_0244,chrome_131,1,1
sample_0245,chrome_131,1,2
sample_0246,chrome_131,2,0
sample_0247,chrome_131,2,1
sample_0248,chrome_131,2,2
sample_0249,chrome_131,3,0
sample_0250,chrome_131,3,1
sample_0251,chrome_131,3,2
sample_0252,chrome_131,4,0
sample_0253,chrome_131,4,1
sample_0254,chrome_131,4,2
sample_0255,chrome_131_PSK,0,0
sample_0256,chrome_131_PSK,0,1
sample_0257,chrome_131_PSK,0,2
sample_0258,chrome_131_PSK,1,0
sample_0259,chrome_131_PSK,1,1
sample_0260,chrome_131_PSK,1,2
sample_0261,chrome_131_PSK,2,0
sample_0262,chrome_131_PSK,2,1
sample_0263,chrome_131_PSK,2,2
sample_0264,chrome_131_PSK,3,0
sample_0265,chrome_131_PSK,3,1
sample_0266,chrome_131_PSK,3,2
sample_0267,chrome_131_PSK,4,0
sample_0268,chrome_131_PSK,4,1
sample_0269,chrome_131_PSK,4,2
sample_0270,chrome_133,0,0
sample_0271,chrome_133,0,1
sample_0272,chrome_133,0,2
sample_0273,chrome_133,1,0
sample_0274,chrome_133,1,1
sample_0275,chrome_133,1,2
sample_0276,chrome_133,2,0
sample_0277,chrome_133,2,1
sample_0278,chrome_133,2,2
sample_0279,chrome_133,3,0
sample_0280,chrome_133,3,1
sample_0281,chrome_133,3,2
sample_0282,chrome_133,4,0
sample_0283,chrome_133,4,1
sample_0284,chrome_133,4,2
sample_0285,chrome_133_PSK,0,0
sample_0286,chrome_133_PSK,0,1
sample_0287,chrome_133_PSK,0,2
sample_0288,chrome_133_PSK,1,0
sample_0289,chrome_133_PSK,1,1
sample_0290,chrome_133_PSK,1,2
sample_0291,chrome_133_PSK,2,0
sample_0292,chrome_133_PSK,2,1
sample_0293,chrome_133_PSK,2,2
sample_0294,chrome_133_PSK,3,0
sample_0295,chrome_133_PSK,3,1
sample_0296,chrome_133_PSK,3,2
sample_0297,chrome_133_PSK,4,0
sample_0298,chrome_133_PSK,4,1
sample_0299,chrome_133_PSK,4,2
sample_0300,cloudflare_custom,0,0
sample_0301,cloudflare_custom,0,1
sample_0302,cloudflare_custom,0,2
sample_0303,cloudflare_custom,1,0
sample_0304,cloudflare_custom,1,1
sample_0305,cloudflare_custom,1,2
sample_0306,cloudflare_custom,2,0
sample_0307,cloudflare_custom,2,1
sample_0308,cloudflare_custom,2,2
sample_0309,cloudflare_custom,3,0
sample_0310,cloudflare_custom,3,1
sample_0311,cloudflare_custom,3,2
sample_0312,cloudflare_custom,4,0
sample_0313,cloudflare_custom,4,1
sample_0314,cloudflare_custom,4,2
sample_0315,confirmed_android,0,0
sample_0316,confirmed_android,0,1
sample_0317,confirmed_android,0,2
sample_0318,confirmed_android,1,0
sample_0319,confirmed_android,1,1
sample_0320,confirmed_android,1,2
sample_0321,confirmed_android,2,0
sample_0322,confirmed_android,2,1
sample_0323,confirmed_android,2,2
sample_0324,confirmed_android,3,0
sample_0325,confirmed_android,3,1
sample_0326,confirmed_android,3,2
sample_0327,confirmed_android,4,0
sample_0328,confirmed_android,4,1
sample_0329,confirmed_android,4,2
sample_0330,confirmed_android_2,0,0
sample_0331,confirmed_android_2,0,1
sample_0332,confirmed_android_2,0,2
sample_0333,confirmed_android_2,1,0
sample_0334,confirmed_android_2,1,1
sample_0335,confirmed_android_2,1,2
sample_0336,confirmed_android_2,2,0
sample_0337,confirmed_android_2,2,1
sample_0338,confirmed_android_2,2,2
sample_0339,confirmed_android_2,3,0
sample_0340,confirmed_android_2,3,1
sample_0341,confirmed_android_2,3,2
sample_0342,confirmed_android_2,4,0
sample_0343,confirmed_android_2,4,1
sample_0344,confirmed_android_2,4,2
sample_0345,confirmed_ios,0,0
sample_0346,confirmed_ios,0,1
sample_0347,confirmed_ios,0,2
sample_0348,confirmed_ios,1,0
sample_0349,confirmed_ios,1,1
sample_0350,confirmed_ios,1,2
sample_0351,confirmed_ios,2,0
sample_0352,confirmed_ios,2,1
sample_0353,confirmed_ios,2,2
sample_0354,confirmed_ios,3,0
sample_0355,confirmed_ios,3,1
sample_0356,confirmed_ios,3,2
sample_0357,confirmed_ios,4,0
sample_0358,confirmed_ios,4,1
sample_0359,confirmed_ios,4,2
sample_0360,firefox_102,0,0
sample_0361,firefox_102,0,1
sample_0362,firefox_102,0,2
sample_0363,firefox_102,1,0
sample_0364,firefox_102,1,1
sample_0365,firefox_102,1,2
sample_0366,firefox_102,2,0
sample_0367,firefox_102,2,1
sample_0368,firefox_102,2,2
sample_0369,firefox_102,3,0
sample_0370,firefox_102,3,1
sample_0371,firefox_102,3,2
sample_0372,firefox_102,4,0
sample_0373,firefox_102,4,1
sample_0374,firefox_102,4,2
sample_0375,firefox_104,0,0
sample_0376,firefox_104,0,1
sample_0377,firefox_104,0,2
sample_0378,firefox_104,1,0
sample_0379,firefox_104,1,1
sample_0380,firefox_104,1,2
sample_0381,firefox_104,2,0
sample_0382,firefox_104,2,1
sample_0383,firefox_104,2,2
sample_0384,firefox_104,3,0
sample_0385,firefox_104,3,1
sample_0386,firefox_104,3,2
sample_0387,firefox_104,4,0
sample_0388,firefox_104,4,1
sample_0389,firefox_104,4,2
sample_0390,firefox_105,0,0
sample_0391,firefox_105,0,1
sample_0392,firefox_105,0,2
sample_0393,firefox_105,1,0
sample_0394,firefox_105,1,1
sample_0395,firefox_105,1,2
sample_0396,firefox_105,2,0
sample_0397,firefox_105,2,1
sample_0398,firefox_105,2,2
sample_0399,firefox_105,3,0
sample_0400,firefox_105,3,1
sample_0401,firefox_105,3,2
sample_0402,firefox_105,4,0
sample_0403,firefox_105,4,1
sample_0404,firefox_105,4,2
sample_0405,firefox_106,0,0
sample_0406,firefox_106,0,1
sample_0407,firefox_106,0,2
sample_0408,firefox_106,1,0
sample_0409,firefox_106,1,1
sample_0410,firefox_106,1,2
sample_0411,firefox_106,2,0
sample_0412,firefox_106,2,1
sample_0413,firefox_106,2,2
sample_0414,firefox_106,3,0
sample_0415,firefox_106,3,1
sample_0416,firefox_106,3,2
sample_0417,firefox_106,4,0
sample_0418,firefox_106,4,1
sample_0419,firefox_106,4,2
sample_0420,firefox_108,0,0
sample_0421,firefox_108,0,1
sample_0422,firefox_108,0,2
sample_0423,firefox_108,1,0
sample_0424,firefox_108,1,1
sample_0425,firefox_108,1,2
sample_0426,firefox_108,2,0
sample_0427,firefox_108,2,1
sample_0428,firefox_108,2,2
sample_0429,firefox_108,3,0
sample_0430,firefox_108,3,1
sample_0431,firefox_108,3,2
sample_0432,firefox_108,4,0
sample_0433,firefox_108,4,1
sample_0434,firefox_108,4,2
sample_0435,firefox_110,0,0
sample_0436,firefox_110,0,1
sample_0437,firefox_110,0,2
sample_0438,firefox_110,1,0
sample_0439,firefox_110,1,1
sample_0440,firefox_110,1,2
sample_0441,firefox_110,2,0
sample_0442,firefox_110,2,1
sample_0443,firefox_110,2,2
sample_0444,firefox_110,3,0
sample_0445,firefox_110,3,1
sample_0446,firefox_110,3,2
sample_0447,firefox_110,4,0
sample_0448,firefox_110,4,1
sample_0449,firefox_110,4,2
sample_0450,firefox_117,0,0
sample_0451,firefox_117,0,1
sample_0452,firefox_117,0,2
sample_0453,firefox_117,1,0
sample_0454,firefox_117,1,1
sample_0455,firefox_117,1,2
sample_0456,firefox_117,2,0
sample_0457,firefox_117,2,1
sample_0458,firefox_117,2,2
sample_0459,firefox_117,3,0
sample_0460,firefox_117,3,1
sample_0461,firefox_117,3,2
sample_0462,firefox_117,4,0
sample_0463,firefox_117,4,1
sample_0464,firefox_117,4,2
sample_0465,firefox_120,0,0
sample_0466,firefox_120,0,1
sample_0467,firefox_120,0,2
sample_0468,firefox_120,1,0
sample_0469,firefox_120,1,1
sample_0470,firefox_120,1,2
sample_0471,firefox_120,2,0
sample_0472,firefox_120,2,1
sample_0473,firefox_120,2,2
sample_0474,firefox_120,3,0
sample_0475,firefox_120,3,1
sample_0476,firefox_120,3,2
sample_0477,firefox_120,4,0
sample_0478,firefox_120,4,1
sample_0479,firefox_120,4,2
sample_0480,firefox_123,0,0
sample_0481,firefox_123,0,1
sample_0482,firefox_123,0,2
sample_0483,firefox_123,1,0
sample_0484,firefox_123,1,1
sample_0485,firefox_123,1,2
sample_0486,firefox_123,2,0
sample_0487,firefox_123,2,1
sample_0488,firefox_123,2,2
sample_0489,firefox_123,3,0
sample_0490,firefox_123,3,1
sample_0491,firefox_123,3,2
sample_0492,firefox_123,4,0
sample_0493,firefox_123,4,1
sample_0494,firefox_123,4,2
sample_0495,firefox_132,0,0
sample_0496,firefox_132,0,1
sample_0497,firefox_132,0,2
sample_0498,firefox_132,1,0
sample_0499,firefox_132,1,1
sample_0500,firefox_132,1,2
sample_0501,firefox_132,2,0
sample_0502,firefox_132,2,1
sample_0503,firefox_132,2,2
sample_0504,firefox_132,3,0
sample_0505,firefox_132,3,1
sample_0506,firefox_132,3,2
sample_0507,firefox_132,4,0
sample_0508,firefox_132,4,1
sample_0509,firefox_132,4,2
sample_0510,firefox_133,0,0
sample_0511,firefox_133,0,1
sample_0512,firefox_133,0,2
sample_0513,firefox_133,1,0
sample_0514,firefox_133,1,1
sample_0515,firefox_133,1,2
sample_0516,firefox_133,2,0
sample_0517,firefox_133,2,1
sample_0518,firefox_133,2,2
sample_0519,firefox_133,3,0
sample_0520,firefox_133,3,1
sample_0521,firefox_133,3,2
sample_0522,firefox_133,4,0
sample_0523,firefox_133,4,1
sample_0524,firefox_133,4,2
sample_0525,firefox_135,0,0
sample_0526,firefox_135,0,1
sample_0527,firefox_135,0,2
sample_0528,firefox_135,1,0
sample_0529,firefox_135,1,1
sample_0530,firefox_135,1,2
sample_0531,firefox_135,2,0
sample_0532,firefox_135,2,1
sample_0533,firefox_135,2,2
sample_0534,firefox_135,3,0
sample_0535,firefox_135,3,1
sample_0536,firefox_135,3,2
sample_0537,firefox_135,4,0
sample_0538,firefox_135,4,1
sample_0539,firefox_135,4,2
sample_0540,mesh_android,0,0
sample_0541,mesh_android,0,1
sample_0542,mesh_android,0,2
sample_0543,mesh_android,1,0
sample_0544,mesh_android,1,1
sample_0545,mesh_android,1,2
sample_0546,mesh_android,2,0
sample_0547,mesh_android,2,1
sample_0548,mesh_android,2,2
sample_0549,mesh_android,3,0
sample_0550,mesh_android,3,1
sample_0551,mesh_android,3,2
sample_0552,mesh_android,4,0
sample_0553,mesh_android,4,1
sample_0554,mesh_android,4,2
sample_0555,mesh_android_2,0,0
sample_0556,mesh_android_2,0,1
sample_0557,mesh_android_2,0,2
sample_0558,mesh_android_2,1,0
sample_0559,mesh_android_2,1,1
sample_0560,mesh_android_2,1,2
sample_0561,mesh_android_2,2,0
sample_0562,mesh_android_2,2,1
sample_0563,mesh_android_2,2,2
sample_0564,mesh_android_2,3,0
sample_0565,mesh_android_2,3,1
sample_0566,mesh_android_2,3,2
sample_0567,mesh_android_2,4,0
sample_0568,mesh_android_2,4,1
sample_0569,mesh_android_2,4,2
sample_0570,mesh_ios,0,0
sample_0571,mesh_ios,0,1
sample_0572,mesh_ios,0,2
sample_0573,mesh_ios,1,0
sample_0574,mesh_ios,1,1
sample_0575,mesh_ios,1,2
sample_0576,mesh_ios,2,0
sample_0577,mesh_ios,2,1
sample_0578,mesh_ios,2,2
sample_0579,mesh_ios,3,0
sample_0580,mesh_ios,3,1
sample_0581,mesh_ios,3,2
sample_0582,mesh_ios,4,0
sample_0583,mesh_ios,4,1
sample_0584,mesh_ios,4,2
sample_0585,mesh_ios_2,0,0
sample_0586,mesh_ios_2,0,1
sample_0587,mesh_ios_2,0,2
sample_0588,mesh_ios_2,1,0
sample_0589,mesh_ios_2,1,1
sample_0590,mesh_ios_2,1,2
sample_0591,mesh_ios_2,2,0
sample_0592,mesh_ios_2,2,1
sample_0593,mesh_ios_2,2,2
sample_0594,mesh_ios_2,3,0
sample_0595,mesh_ios_2,3,1
sample_0596,mesh_ios_2,3,2
sample_0597,mesh_ios_2,4,0
sample_0598,mesh_ios_2,4,1
sample_0599,mesh_ios_2,4,2
sample_0600,mms_ios,0,0
sample_0601,mms_ios,0,1
sample_0602,mms_ios,0,2
sample_0603,mms_ios,1,0
sample_0604,mms_ios,1,1
sample_0605,mms_ios,1,2
sample_0606,mms_ios,2,0
sample_0607,mms_ios,2,1
sample_0608,mms_ios,2,2
sample_0609,mms_ios,3,0
sample_0610,mms_ios,3,1
sample_0611,mms_ios,3,2
sample_0612,mms_ios,4,0
sample_0613,mms_ios,4,1
sample_0614,mms_ios,4,2
sample_0615,mms_ios_2,0,0
sample_0616,mms_ios_2,0,1
sample_0617,mms_ios_2,0,2
sample_0618,mms_ios_2,1,0
sample_0619,mms_ios_2,1,1
sample_0620,mms_ios_2,1,2
sample_0621,mms_ios_2,2,0
sample_0622,mms_ios_2,2,1
sample_0623,mms_ios_2,2,2
sample_0624,mms_ios_2,3,0
sample_0625,mms_ios_2,3,1
sample_0626,mms_ios_2,3,2
sample_0627,mms_ios_2,4,0
sample_0628,mms_ios_2,4,1
sample_0629,mms_ios_2,4,2
sample_0630,mms_ios_3,0,0
sample_0631,mms_ios_3,0,1
sample_0632,mms_ios_3,0,2
sample_0633,mms_ios_3,1,0
sample_0634,mms_ios_3,1,1
sample_0635,mms_ios_3,1,2
sample_0636,mms_ios_3,2,0
sample_0637,mms_ios_3,2,1
sample_0638,mms_ios_3,2,2
sample_0639,mms_ios_3,3,0
sample_0640,mms_ios_3,3,1
sample_0641,mms_ios_3,3,2
sample_0642,mms_ios_3,4,0
sample_0643,mms_ios_3,4,1
sample_0644,mms_ios_3,4,2
sample_0645,nike_android_mobile,0,0
sample_0646,nike_android_mobile,0,1
sample_0647,nike_android_mobile,0,2
sample_0648,nike_android_mobile,1,0
sample_0649,nike_android_mobile,1,1
sample_0650,nike_android_mobile,1,2
sample_0651,nike_android_mobile,2,0
sample_0652,nike_android_mobile,2,1
sample_0653,nike_android_mobile,2,2
sample_0654,nike_android_mobile,3,0
sample_0655,nike_android_mobile,3,1
sample_0656,nike_android_mobile,3,2
sample_0657,nike_android_mobile,4,0
sample_0658,nike_android_mobile,4,1
sample_0659,nike_android_mobile,4,2
sample_0660,nike_ios_mobile,0,0
sample_0661,nike_ios_mobile,0,1
sample_0662,nike_ios_mobile,0,2
sample_0663,nike_ios_mobile,1,0
sample_0664,nike_ios_mobile,1,1
sample_0665,nike_ios_mobile,1,2
sample_0666,nike_ios_mobile,2,0
sample_0667,nike_ios_mobile,2,1
sample_0668,nike_ios_mobile,2,2
sample_0669,nike_ios_mobile,3,0
sample_0670,nike_ios_mobile,3,1
sample_0671,nike_ios_mobile,3,2
sample_0672,nike_ios_mobile,4,0
sample_0673,nike_ios_mobile,4,1
sample_0674,nike_ios_mobile,4,2
sample_0675,okhttp4_android_10,0,0
sample_0676,okhttp4_android_10,0,1
sample_0677,okhttp4_android_10,0,2
sample_0678,okhttp4_android_10,1,0
sample_0679,okhttp4_android_10,1,1
sample_0680,okhttp4_android_10,1,2
sample_0681,okhttp4_android_10,2,0
sample_0682,okhttp4_android_10,2,1
sample_0683,okhttp4_android_10,2,2
sample_0684,okhttp4_android_10,3,0
sample_0685,okhttp4_android_10,3,1
sample_0686,okhttp4_android_10,3,2
sample_0687,okhttp4_android_10,4,0
sample_0688,okhttp4_android_10,4,1
sample_0689,okhttp4_android_10,4,2
sample_0690,okhttp4_android_11,0,0
sample_0691,okhttp4_android_11,0,1
sample_0692,okhttp4_android_11,0,2
sample_0693,okhttp4_android_11,1,0
sample_0694,okhttp4_android_11,1,1
sample_0695,okhttp4_android_11,1,2
sample_0696,okhttp4_android_11,2,0
sample_0697,okhttp4_android_11,2,1
sample_0698,okhttp4_android_11,2,2
sample_0699,okhttp4_android_11,3,0
sample_0700,okhttp4_android_11,3,1
sample_0701,okhttp4_android_11,3,2
sample_0702,okhttp4_android_11,4,0
sample_0703,okhttp4_android_11,4,1
sample_0704,okhttp4_android_11,4,2
sample_0705,okhttp4_android_12,0,0
sample_0706,okhttp4_android_12,0,1
sample_0707,okhttp4_android_12,0,2
sample_0708,okhttp4_android_12,1,0
sample_0709,okhttp4_android_12,1,1
sample_0710,okhttp4_android_12,1,2
sample_0711,okhttp4_android_12,2,0
sample_0712,okhttp4_android_12,2,1
sample_0713,okhttp4_android_12,2,2
sample_0714,okhttp4_android_12,3,0
sample_0715,okhttp4_android_12,3,1
sample_0716,okhttp4_android_12,3,2
sample_0717,okhttp4_android_12,4,0
sample_0718,okhttp4_android_12,4,1
sample_0719,okhttp4_android_12,4,2
sample_0720,okhttp4_android_13,0,0
sample_0721,okhttp4_android_13,0,1
sample_0722,okhttp4_android_13,0,2
sample_0723,okhttp4_android_13,1,0
sample_0724,okhttp4_android_13,1,1
sample_0725,okhttp4_android_13,1,2
sample_0726,okhttp4_android_13,2,0
sample_0727,okhttp4_android_13,2,1
sample_0728,okhttp4_android_13,2,2
sample_0729,okhttp4_android_13,3,0
sample_0730,okhttp4_android_13,3,1
sample_0731,okhttp4_android_13,3,2
sample_0732,okhttp4_android_13,4,0
sample_0733,okhttp4_android_13,4,1
sample_0734,okhttp4_android_13,4,2
sample_0735,okhttp4_android_7,0,0
sample_0736,okhttp4_android_7,0,1
sample_0737,okhttp4_android_7,0,2
sample_0738,okhttp4_android_7,1,0
sample_0739,okhttp4_android_7,1,1
sample_0740,okhttp4_android_7,1,2
sample_0741,okhttp4_android_7,2,0
sample_0742,okhttp4_android_7,2,1
sample_0743,okhttp4_android_7,2,2
sample_0744,okhttp4_android_7,3,0
sample_0745,okhttp4_android_7,3,1
sample_0746,okhttp4_android_7,3,2
sample_0747,okhttp4_android_7,4,0
sample_0748,okhttp4_android_7,4,1
sample_0749,okhttp4_android_7,4,2
sample_0750,okhttp4_android_8,0,0
sample_0751,okhttp4_android_8,0,1
sample_0752,okhttp4_android_8,0,2
sample_0753,okhttp4_android_8,1,0
sample_0754,okhttp4_android_8,1,1
sample_0755,okhttp4_android_8,1,2
sample_0756,okhttp4_android_8,2,0
sample_0757,okhttp4_android_8,2,1
sample_0758,okhttp4_android_8,2,2
sample_0759,okhttp4_android_8,3,0
sample_0760,okhttp4_android_8,3,1
sample_0761,okhttp4_android_8,3,2
sample_0762,okhttp4_android_8,4,0
sample_0763,okhttp4_android_8,4,1
sample_0764,okhttp4_android_8,4,2
sample_0765,okhttp4_android_9,0,0
sample_0766,okhttp4_android_9,0,1
sample_0767,okhttp4_android_9,0,2
sample_0768,okhttp4_android_9,1,0
sample_0769,okhttp4_android_9,1,1
sample_0770,okhttp4_android_9,1,2
sample_0771,okhttp4_android_9,2,0
sample_0772,okhttp4_android_9,2,1
sample_0773,okhttp4_android_9,2,2
sample_0774,okhttp4_android_9,3,0
sample_0775,okhttp4_android_9,3,1
sample_0776,okhttp4_android_9,3,2
sample_0777,okhttp4_android_9,4,0
sample_0778,okhttp4_android_9,4,1
sample_0779,okhttp4_android_9,4,2
sample_0780,opera_89,0,0
sample_0781,opera_89,0,1
sample_0782,opera_89,0,2
sample_0783,opera_89,1,0
sample_0784,opera_89,1,1
sample_0785,opera_89,1,2
sample_0786,opera_89,2,0
sample_0787,opera_89,2,1
sample_0788,opera_89,2,2
sample_0789,opera_89,3,0
sample_0790,opera_89,3,1
sample_0791,opera_89,3,2
sample_0792,opera_89,4,0
sample_0793,opera_89,4,1
sample_0794,opera_89,4,2
sample_0795,opera_90,0,0
sample_0796,opera_90,0,1
sample_0797,opera_90,0,2
sample_0798,opera_90,1,0
sample_0799,opera_90,1,1
sample_0800,opera_90,1,2
sample_0801,opera_90,2,0
sample_0802,opera_90,2,1
sample_0803,opera_90,2,2
sample_0804,opera_90,3,0
sample_0805,opera_90,3,1
sample_0806,opera_90,3,2
sample_0807,opera_90,4,0
sample_0808,opera_90,4,1
sample_0809,opera_90,4,2
sample_0810,opera_91,0,0
sample_0811,opera_91,0,1
sample_0812,opera_91,0,2
sample_0813,opera_91,1,0
sample_0814,opera_91,1,1
sample_0815,opera_91,1,2
sample_0816,opera_91,2,0
sample_0817,opera_91,2,1
sample_0818,opera_91,2,2
sample_0819,opera_91,3,0
sample_0820,opera_91,3,1
sample_0821,opera_91,3,2
sample_0822,opera_91,4,0
sample_0823,opera_91,4,1
sample_0824,opera_91,4,2
sample_0825,safari_15_6_1,0,0
sample_0826,safari_15_6_1,0,1
sample_0827,safari_15_6_1,0,2
sample_0828,safari_15_6_1,1,0
sample_0829,safari_15_6_1,1,1
sample_0830,safari_15_6_1,1,2
sample_0831,safari_15_6_1,2,0
sample_0832,safari_15_6_1,2,1
sample_0833,safari_15_6_1,2,2
sample_0834,safari_15_6_1,3,0
sample_0835,safari_15_6_1,3,1
sample_0836,safari_15_6_1,3,2
sample_0837,safari_15_6_1,4,0
sample_0838,safari_15_6_1,4,1
sample_0839,safari_15_6_1,4,2
sample_0840,safari_16_0,0,0
sample_0841,safari_16_0,0,1
sample_0842,safari_16_0,0,2
sample_0843,safari_16_0,1,0
sample_0844,safari_16_0,1,1
sample_0845,safari_16_0,1,2
sample_0846,safari_16_0,2,0
sample_0847,safari_16_0,2,1
sample_0848,safari_16_0,2,2
sample_0849,safari_16_0,3,0
sample_0850,safari_16_0,3,1
sample_0851,safari_16_0,3,2
sample_0852,safari_16_0,4,0
sample_0853,safari_16_0,4,1
sample_0854,safari_16_0,4,2
sample_0855,safari_ios_15_5,0,0
sample_0856,safari_ios_15_5,0,1
sample_0857,safari_ios_15_5,0,2
sample_0858,safari_ios_15_5,1,0
sample_0859,safari_ios_15_5,1,1
sample_0860,safari_ios_15_5,1,2
sample_0861,safari_ios_15_5,2,0
sample_0862,safari_ios_15_5,2,1
sample_0863,safari_ios_15_5,2,2
sample_0864,safari_ios_15_5,3,0
sample_0865,safari_ios_15_5,3,1
sample_0866,safari_ios_15_5,3,2
sample_0867,safari_ios_15_5,4,0
sample_0868,safari_ios_15_5,4,1
sample_0869,safari_ios_15_5,4,2
sample_0870,safari_ios_15_6,0,0
sample_0871,safari_ios_15_6,0,1
sample_0872,safari_ios_15_6,0,2
sample_0873,safari_ios_15_6,1,0
sample_0874,safari_ios_15_6,1,1
sample_0875,safari_ios_15_6,1,2
sample_0876,safari_ios_15_6,2,0
sample_0877,safari_ios_15_6,2,1
sample_0878,safari_ios_15_6,2,2
sample_0879,safari_ios_15_6,3,0
sample_0880,safari_ios_15_6,3,1
sample_0881,safari_ios_15_6,3,2
sample_0882,safari_ios_15_6,4,0
sample_0883,safari_ios_15_6,4,1
sample_0884,safari_ios_15_6,4,2
sample_0885,safari_ios_16_0,0,0
sample_0886,safari_ios_16_0,0,1
sample_0887,safari_ios_16_0,0,2
sample_0888,safari_ios_16_0,1,0
sample_0889,safari_ios_16_0,1,1
sample_0890,safari_ios_16_0,1,2
sample_0891,safari_ios_16_0,2,0
sample_0892,safari_ios_16_0,2,1
sample_0893,safari_ios_16_0,2,2
sample_0894,safari_ios_16_0,3,0
sample_0895,safari_ios_16_0,3,1
sample_0896,safari_ios_16_0,3,2
sample_0897,safari_ios_16_0,4,0
sample_0898,safari_ios_16_0,4,1
sample_0899,safari_ios_16_0,4,2
sample_0900,safari_ios_17_0,0,0
sample_0901,safari_ios_17_0,0,1
sample_0902,safari_ios_17_0,0,2
sample_0903,safari_ios_17_0,1,0
sample_0904,safari_ios_17_0,1,1
sample_0905,safari_ios_17_0,1,2
sample_0906,safari_ios_17_0,2,0
sample_0907,safari_ios_17_0,2,1
sample_0908,safari_ios_17_0,2,2
sample_0909,safari_ios_17_0,3,0
sample_0910,safari_ios_17_0,3,1
sample_0911,safari_ios_17_0,3,2
sample_0912,safari_ios_17_0,4,0
sample_0913,safari_ios_17_0,4,1
sample_0914,safari_ios_17_0,4,2
sample_0915,safari_ios_18_0,0,0
sample_0916,safari_ios_18_0,0,1
sample_0917,safari_ios_18_0,0,2
sample_0918,safari_ios_18_0,1,0
sample_0919,safari_ios_18_0,1,1
sample_0920,safari_ios_18_0,1,2
sample_0921,safari_ios_18_0,2,0
sample_0922,safari_ios_18_0,2,1
sample_0923,safari_ios_18_0,2,2
sample_0924,safari_ios_18_0,3,0
sample_0925,safari_ios_18_0,3,1
sample_0926,safari_ios_18_0,3,2
sample_0927,safari_ios_18_0,4,0
sample_0928,safari_ios_18_0,4,1
sample_0929,safari_ios_18_0,4,2
sample_0930,safari_ios_18_5,0,0
sample_0931,safari_ios_18_5,0,1
sample_0932,safari_ios_18_5,0,2
sample_0933,safari_ios_18_5,1,0
sample_0934,safari_ios_18_5,1,1
sample_0935,safari_ios_18_5,1,2
sample_0936,safari_ios_18_5,2,0
sample_0937,safari_ios_18_5,2,1
sample_0938,safari_ios_18_5,2,2
sample_0939,safari_ios_18_5,3,0
sample_0940,safari_ios_18_5,3,1
sample_0941,safari_ios_18_5,3,2
sample_0942,safari_ios_18_5,4,0
sample_0943,safari_ios_18_5,4,1
sample_0944,safari_ios_18_5,4,2
sample_0945,safari_ipad_15_6,0,0
sample_0946,safari_ipad_15_6,0,1
sample_0947,safari_ipad_15_6,0,2
sample_0948,safari_ipad_15_6,1,0
sample_0949,safari_ipad_15_6,1,1
sample_0950,safari_ipad_15_6,1,2
sample_0951,safari_ipad_15_6,2,0
sample_0952,safari_ipad_15_6,2,1
sample_0953,safari_ipad_15_6,2,2
sample_0954,safari_ipad_15_6,3,0
sample_0955,safari_ipad_15_6,3,1
sample_0956,safari_ipad_15_6,3,2
sample_0957,safari_ipad_15_6,4,0
sample_0958,safari_ipad_15_6,4,1
sample_0959,safari_ipad_15_6,4,2
sample_0960,zalando_android_mobile,0,0
sample_0961,zalando_android_mobile,0,1
sample_0962,zalando_android_mobile,0,2
sample_0963,zalando_android_mobile,1,0
sample_0964,zalando_android_mobile,1,1
sample_0965,zalando_android_mobile,1,2
sample_0966,zalando_android_mobile,2,0
sample_0967,zalando_android_mobile,2,1
sample_0968,zalando_android_mobile,2,2
sample_0969,zalando_android_mobile,3,0
sample_0970,zalando_android_mobile,3,1
sample_0971,zalando_android_mobile,3,2
sample_0972,zalando_android_mobile,4,0
sample_0973,zalando_android_mobile,4,1
sample_0974,zalando_android_mobile,4,2
sample_0975,zalando_ios_mobile,0,0
sample_0976,zalando_ios_mobile,0,1
sample_0977,zalando_ios_mobile,0,2
sample_0978,zalando_ios_mobile,1,0
sample_0979,zalando_ios_mobile,1,1
sample_0980,zalando_ios_mobile,1,2
sample_0981,zalando_ios_mobile,2,0
sample_0982,zalando_ios_mobile,2,1
sample_0983,zalando_ios_mobile,2,2
sample_0984,zalando_ios_mobile,3,0
sample_0985,zalando_ios_mobile,3,1
sample_0986,zalando_ios_mobile,3,2
sample_0987,zalando_ios_mobile,4,0
sample_0988,zalando_ios_mobile,4,1
sample_0989,zalando_ios_mobile,4,2
